epoch,acc,loss,lr,val_acc,val_loss
0,0.44816053561542346,1.786292456065532,0.01,0.34375,11.31946849822998
