epoch,acc,loss,lr,val_acc,val_loss
0,0.54318,1.6849378573989868,0.001,0.60599999999999998,1.4177753345489501
